galaxy_name,success,n_pixels_total,n_pixels_quality,n_alpha_fe_calculated,quality_fraction,alpha_fe_fraction,alpha_fe_mean,alpha_fe_std,alpha_fe_min,alpha_fe_max,alpha_fe_median,alpha_fe_mean_uncertainty,velocity_v_mean,velocity_v_std,velocity_v_range,velocity_sigma_mean,velocity_sigma_std,velocity_v_over_sigma,velocity_n_velocity_pixels,gradient_slope,gradient_slope_error,gradient_intercept,gradient_r_value,gradient_p_value,gradient_n_points,gradient_significance,gradient_gradient_type
VCC1588,True,2001,900,377,0.4497751124437781,0.41888888888888887,0.22705962548228836,0.0719271506744208,-0.2,0.45031543294542864,0.2357041465668193,0.14999999999999997,17.54514178954248,82.64724845294187,"[-298.5517995326445, 296.10594193530125]",61.54597580874553,69.39803137170414,0.9000162376072763,2001.0,0.001001035303294944,0.0035858178990855433,0.22526983717417923,0.014414527335960815,0.7802720011115548,377.0,not_significant,flat
VCC0308,True,2001,670,366,0.33483258370814595,0.5462686567164179,0.23868400954616392,0.07577733786768354,-0.2,0.3989249834076265,0.2480718831884418,0.14999999999999997,-52.079758935567,83.79483089902027,"[-296.4924706591633, 287.71238805804757]",49.630129231582174,58.259584011925085,1.5366199051657896,2001.0,0.0003775031914330813,0.004425031342095535,0.23808307454884323,0.004471458896782428,0.9320611678791304,366.0,not_significant,flat
VCC0667,True,2001,507,382,0.25337331334332835,0.7534516765285996,0.22091432785594725,0.08925772470562565,-0.2,0.4448048975031847,0.2372464802869673,0.14999999999999997,-1.0008952254983357,78.01076541956081,"[-294.87679574956906, 299.50920357776545]",44.55292754244135,52.4423344941105,1.174421959534791,2001.0,-0.002643156456086799,0.004628177496705644,0.22537909990858082,-0.02928429462213042,0.5682688213019278,382.0,not_significant,flat
VCC0688,True,2001,228,164,0.11394302848575712,0.7192982456140351,0.20793919898360275,0.1291760790584995,-0.2,0.4082992075667732,0.23958546750097687,0.15,-6.3505977747166895,77.05714469528078,"[-294.93539382014893, 297.50693982986473]",44.09709129853576,49.25744525154668,1.13842009387045,2001.0,-0.0036164479601485185,0.010129267231449626,0.2135478851448423,-0.02803986305565508,0.7215343110280314,164.0,not_significant,flat
VCC0990,True,2001,70,53,0.03498250874562719,0.7571428571428571,0.22775989168762412,0.15686216854820684,-0.2,0.4423650867706217,0.26930850773108383,0.15000000000000005,0.2555327470943483,84.81160706799167,"[-298.12024704603454, 298.3477664749616]",47.53505744391158,54.3457427578104,1.1343523785255905,2001.0,-0.005901965397308286,0.026283087845758786,0.23152685001314624,-0.03142827857495709,0.8232237165700225,53.0,not_significant,flat
VCC1049,True,2001,257,178,0.12843578210894552,0.6926070038910506,0.22148429927187224,0.07720033535709712,-0.2,0.399156577044526,0.2428761432577633,0.14999999999999997,5.351066104789774,89.87083080908002,"[-294.15950313813033, 298.02571092222576]",52.28836110038035,58.83064789791272,1.121132733846207,1978.0,0.008577361141218584,0.006511843630326763,0.2110917477625894,0.09880143527192087,0.18948591958139843,178.0,not_significant,flat
VCC1146,True,2001,578,361,0.2888555722138931,0.6245674740484429,0.22907450585875433,0.07971852272413607,-0.2,0.408075389574482,0.24476135072877747,0.14999999999999997,14.517283331817822,93.90174109533619,"[-297.6295542924418, 296.324262059848]",87.20497377569718,73.90822538000793,0.7241900572401858,2001.0,0.0014372554307031952,0.004138773006468791,0.22672915970456856,0.01832492455117537,0.7285949295943976,361.0,not_significant,flat
VCC1193,True,2001,196,149,0.09795102448775612,0.7602040816326531,0.20866179141715446,0.10772514780389768,-0.2,0.3981364123834701,0.2348465113592526,0.14987197772818683,0.09177525965858568,86.67930088981927,"[-299.21171156165735, 299.2817969174722]",47.18918028069747,53.24702552639482,1.191609355832354,2001.0,0.017396804810221298,0.012566910709559606,0.18570686542346893,0.11344091591639979,0.16835402946908953,149.0,not_significant,flat
VCC1368,True,2001,616,384,0.3078460769615192,0.6233766233766234,0.2322482311159493,0.10204142409837162,-0.2,0.4193361806687646,0.24545573076497273,0.14999999999999997,4.0759257921824155,75.76907439927075,"[-299.5240652266271, 290.81516565216555]",43.48555422898914,50.94000972618989,1.1454975883349272,2001.0,0.0026703058706457595,0.006090248324619289,0.22867338165669987,0.022427717394282648,0.6613036187823949,384.0,not_significant,flat
VCC1410,True,2001,166,124,0.08295852073963018,0.7469879518072289,0.22416054181736483,0.07923389450972436,-0.2,0.4487863359533435,0.23863588199836633,0.14999999999999994,-0.0080687941251773,84.44087629276054,"[-295.41621568269346, 299.7006852246241]",48.02895007445884,56.164986447950184,1.1500245082086658,2001.0,0.0028651382596343237,0.006666618684442365,0.2198892247708302,0.038880473529067594,0.6681182922585641,124.0,not_significant,flat
VCC1431,True,2001,509,342,0.2543728135932034,0.6719056974459725,0.241669594044776,0.07680910661048064,-0.2,0.4345868722687534,0.2486811437119854,0.15,9.706203363625386,81.10619407860972,"[-298.46460340996356, 295.6080117114345]",46.02611752696758,52.471088859044336,1.1559087572543807,2001.0,-0.003761088927161251,0.004546961572306668,0.24731809522944803,-0.04481426936385178,0.40872351254749795,342.0,not_significant,flat
VCC1486,True,2001,202,154,0.10094952523738131,0.7623762376237624,0.23415923232929353,0.08590739449805163,-0.2,0.4060791998644416,0.2499110782570122,0.15,-8.46113143903809,88.82004941433838,"[-297.8002638278077, 295.13462473911017]",51.115548569419154,57.52746589440057,1.1397884138933938,2001.0,0.011203047119886898,0.0073411084646970385,0.21478883647318425,0.12284313888996896,0.12907048040784352,154.0,not_significant,flat
VCC1499,False,2001,0,0,0.0,0.0,,,,,,,,,,,,,,,,,,,,,
VCC1549,True,2001,436,335,0.2178910544727636,0.768348623853211,0.23170733154149903,0.09722587997899529,-0.2,0.44860095732087724,0.24674540352263827,0.14995654727650468,7.001826404881742,82.46783828099184,"[-298.9234472141117, 298.76216325512394]",51.61182134538907,60.337818041455016,1.0409256494242936,2001.0,-0.005271991664059423,0.004783412142391156,0.2401499799252761,-0.06028706351831258,0.2711965766475701,335.0,not_significant,flat
VCC1695,True,2001,454,334,0.22688655672163918,0.73568281938326,0.22797337219684458,0.08343848612080809,-0.2,0.4479107299471845,0.2449036167606442,0.15,-10.092600901939836,80.13941165281445,"[-293.9283489849665, 295.1940882672062]",49.295673648965106,59.661100990976166,1.038721162193641,2001.0,0.003981876650742759,0.004832691593591081,0.22196370842667562,0.0451737456047764,0.4105617809170412,334.0,not_significant,flat
VCC1811,True,2001,597,381,0.2983508245877061,0.6381909547738693,0.2051869605982468,0.10206434697377678,-0.2,0.4009082159428675,0.22728335276476125,0.14999999999999997,-23.178806144198646,65.81287648560607,"[-296.00179245314604, 298.130855238898]",39.138530814974885,44.15593819500305,1.1842183389834786,2001.0,0.01468151870931137,0.005561674903793461,0.18355813271766241,0.1343660435547492,0.008638945249150909,381.0,significant,positive
VCC1890,True,2001,281,208,0.14042978510744628,0.7402135231316725,0.22475558759970637,0.09944139737414155,-0.2,0.44555489668539106,0.2494890837269179,0.14999999999999997,7.076603747652657,83.38657390924041,"[-292.54626836390685, 298.2834012266219]",47.57961472309858,55.84558299191285,1.1203215481448587,2001.0,-0.004134006177852068,0.0070675232508930885,0.23087294944294798,-0.04072020042906607,0.5592349292828354,208.0,not_significant,flat
VCC1902,True,2001,962,385,0.48075962018990503,0.4002079002079002,0.23672119516986168,0.07632151094431698,-0.2,0.4643201539620829,0.24708516989962545,0.14993814592906646,1.8192985412314346,65.96183272521994,"[-297.79464614149634, 296.4079382729457]",39.33068457536625,48.03287949963979,1.0305015234625545,2001.0,0.002921780246936446,0.004204950115837929,0.2317526294260511,0.0354824624538775,0.48757498990198034,385.0,not_significant,flat
VCC1910,True,2001,465,348,0.23238380809595202,0.7483870967741936,0.24163621909171729,0.08817563910460052,-0.2,0.43108311821501444,0.2539736615679084,0.14999999999999997,7.3803876482861135,79.16657719125355,"[-291.13149446078023, 290.03437017350024]",45.78267403036895,53.102628000769045,1.1139334231606584,2001.0,-0.0003555678021069207,0.004983701248376441,0.24213857634851252,-0.003835563550776783,0.9431635022920534,348.0,not_significant,flat
VCC1949,True,2001,503,373,0.2513743128435782,0.7415506958250497,0.23008545882685016,0.07968207665153255,-0.2,0.40418816871710916,0.2417082952585164,0.14999999999999997,-23.42507537903336,80.93610120241173,"[-293.27046312597435, 299.76124073168904]",49.99110488934939,60.67979780896842,1.1566083984134647,2001.0,-0.011140588796213428,0.004262652246506195,0.24541303335148615,-0.13445584868090693,0.009325811023070256,373.0,significant,negative
