name,category,ra_deg,dec_deg,v_kms,v_mean_kms,delta_v_kms,has_emission,slope_dex_per_Re,slope_error_dex_per_Re,gradient_method
VCC0308,galaxy,184.71179167,7.86291667,1572.0,1454.388888888889,117.61111111111109,True,-0.0722454755189709,0.0014934573594846,
VCC0667,galaxy,185.951875,7.18641667,1431.0,1454.388888888889,-23.388888888888914,True,-0.0662669466209892,0.0145806522815925,
VCC0688,galaxy,186.00083333,7.78525,1061.0,1454.388888888889,-393.3888888888889,True,-0.072118397556233,0.0253961158346273,
VCC1049,galaxy,186.97720833,8.09055556,1249.0,1454.388888888889,-205.3888888888889,True,0.0593322640533798,0.0641739162972839,
VCC1146,galaxy,187.23920833,13.24186111,1404.0,1454.388888888889,-50.388888888888914,True,-0.1079914611259821,0.0109601630729694,
VCC1193,galaxy,187.38029167,7.69722222,1543.0,1454.388888888889,88.61111111111109,True,0.0490411039932618,0.1107472932122293,
VCC1368,galaxy,187.88520834,11.626,1322.0,1454.388888888889,-132.3888888888889,True,0.0219859206475915,0.0409974468381489,
VCC1410,galaxy,188.01254167,16.68780556,1411.0,1454.388888888889,-43.388888888888914,True,0.0074295944824176,0.0486932290099147,
VCC1431,galaxy,188.09841667,11.26347222,1379.0,1454.388888888889,-75.38888888888891,True,-0.1123283205338055,0.0441828430985143,
VCC1486,galaxy,188.29304167,11.34744444,1588.0,1454.388888888889,133.6111111111111,True,-0.0097742922226239,0.0548785641631731,
VCC1549,galaxy,188.56275,11.07166667,1359.0,1454.388888888889,-95.38888888888891,False,-0.025052512954847,0.0203156016854024,
VCC1588,galaxy,188.711375,15.55197222,1947.0,1454.388888888889,492.6111111111111,True,-0.0121812858392797,0.0205618391256731,
VCC1695,galaxy,189.23066667,12.52055556,1359.0,1454.388888888889,-95.38888888888891,True,0.0124513144018889,0.0422408227188486,
VCC1811,galaxy,189.9665,15.29788889,1386.0,1454.388888888889,-68.38888888888891,True,0.0092698754666362,0.0010293647014615,
VCC1890,galaxy,190.44312499,11.48869444,1438.0,1454.388888888889,-16.388888888888914,True,-0.0205648586201374,0.0280924074736916,
VCC1902,galaxy,190.49858333,12.94327778,1452.0,1454.388888888889,-2.388888888888914,True,0.0267255440113591,0.0514787961370328,
VCC1910,galaxy,190.53554167,11.75422222,1995.0,1454.388888888889,540.6111111111111,True,-0.0533877448626245,0.0587615569864766,
VCC1949,galaxy,190.741125,12.28755556,1283.0,1454.388888888889,-171.3888888888889,True,-0.0289844002384731,0.0156920213532402,
M87,major,187.70591,12.39112,1307.0,1454.388888888889,-147.3888888888889,,,,
M86,major,186.54958,12.94694,-244.0,1454.388888888889,-1698.388888888889,,,,
M60,major,190.9162,11.5522,1117.0,1454.388888888889,-337.3888888888889,,,,
M49,major,187.4441,8.0035,997.0,1454.388888888889,-457.3888888888889,,,,
199.0,background,184.1407813,7.4620674,2584.0,1454.388888888889,,,,,
200.0,background,184.1404477,13.031597,8.0,1454.388888888889,,,,,
220.0,background,184.2820056,7.6242759,2275.0,1454.388888888889,,,,,
222.0,background,184.2911844,7.1915747,2263.0,1454.388888888889,,,,,
226.0,background,184.2976068,15.3240384,864.0,1454.388888888889,,,,,
230.0,background,184.3318761,11.9434644,1430.0,1454.388888888889,,,,,
308.0,background,184.712027,7.8619797,1530.0,1454.388888888889,,,,,
315.0,background,184.7523115,6.0946187,1589.0,1454.388888888889,,,,,
341.0,background,184.8427241,6.0986724,1776.0,1454.388888888889,,,,,
345.0,background,184.8467458,5.8248971,2177.0,1454.388888888889,,,,,
355.0,background,184.8773845,14.8776534,1359.0,1454.388888888889,,,,,
369.0,background,184.9386693,12.798262,1021.0,1454.388888888889,,,,,
397.0,background,185.0507418,6.6231923,2442.0,1454.388888888889,,,,,
465.0,background,185.3243502,11.5106643,355.0,1454.388888888889,,,,,
483.0,background,185.3865368,14.6061371,1124.0,1454.388888888889,,,,,
490.0,background,185.4115379,15.7451112,1267.0,1454.388888888889,,,,,
491.0,background,185.4180145,11.5031588,237.0,1454.388888888889,,,,,
497.0,background,185.4266475,14.59495,1098.0,1454.388888888889,,,,,
523.0,background,185.5171828,12.7874979,1524.0,1454.388888888889,,,,,
524.0,background,185.5235656,9.0436564,1055.0,1454.388888888889,,,,,
538.0,background,185.5614014,7.1671499,755.0,1454.388888888889,,,,,
543.0,background,185.5813776,14.7607696,977.0,1454.388888888889,,,,,
559.0,background,185.6305649,15.537915,158.0,1454.388888888889,,,,,
570.0,background,185.6606025,11.8008999,1431.0,1454.388888888889,,,,,
571.0,background,185.6712666,7.9503803,1101.0,1454.388888888889,,,,,
575.0,background,185.6803578,8.1982639,1203.0,1454.388888888889,,,,,
596.0,background,185.7287922,15.8222817,1571.0,1454.388888888889,,,,,
613.0,background,185.7757201,5.2503454,1667.0,1454.388888888889,,,,,
648.0,background,185.8956063,6.0817747,1266.0,1454.388888888889,,,,,
654.0,background,185.8970174,16.7223449,933.0,1454.388888888889,,,,,
657.0,background,185.9125041,7.0539981,761.0,1454.388888888889,,,,,
685.0,background,185.9910099,16.6933384,1210.0,1454.388888888889,,,,,
692.0,background,186.0063131,12.2047665,2325.0,1454.388888888889,,,,,
698.0,background,186.0209443,11.2180718,2083.0,1454.388888888889,,,,,
731.0,background,186.11773,7.3177697,1243.0,1454.388888888889,,,,,
750.0,background,186.2065252,6.7595615,1059.0,1454.388888888889,,,,,
759.0,background,186.2309734,11.7041966,933.0,1454.388888888889,,,,,
763.0,background,186.2656026,12.8869755,1017.0,1454.388888888889,,,,,
778.0,background,186.3014104,14.7621692,1338.0,1454.388888888889,,,,,
784.0,background,186.3114423,15.6074215,1074.0,1454.388888888889,,,,,
792.0,background,186.342391,10.0167929,963.0,1454.388888888889,,,,,
801.0,background,186.3560921,16.4699454,1710.0,1454.388888888889,,,,,
828.0,background,186.4236734,12.8105171,538.0,1454.388888888889,,,,,
836.0,background,186.4446712,12.6619044,2524.0,1454.388888888889,,,,,
856.0,background,186.4913357,10.0537778,1001.0,1454.388888888889,,,,,
873.0,background,186.5297661,13.1119969,237.0,1454.388888888889,,,,,
874.0,background,186.5298124,16.1809713,1735.0,1454.388888888889,,,,,
896.0,background,186.5942075,12.7863945,2114.0,1454.388888888889,,,,,
898.0,background,186.5984901,13.3735172,1172.0,1454.388888888889,,,,,
912.0,background,186.634391,12.6107082,69.0,1454.388888888889,,,,,
916.0,background,186.6383646,12.7429799,1298.0,1454.388888888889,,,,,
929.0,background,186.6686939,8.4356972,907.0,1454.388888888889,,,,,
930.0,background,186.6714522,12.845406,1172.0,1454.388888888889,,,,,
938.0,background,186.694772,7.9189879,1399.0,1454.388888888889,,,,,
939.0,background,186.6968095,8.8845903,1272.0,1454.388888888889,,,,,
940.0,background,186.6961004,12.4539694,1392.0,1454.388888888889,,,,,
942.0,background,186.7020527,12.399878,1172.0,1454.388888888889,,,,,
944.0,background,186.7108668,9.5842588,828.0,1454.388888888889,,,,,
950.0,background,186.7114036,11.557647,1100.0,1454.388888888889,,,,,
951.0,background,186.726503,11.6639359,2106.0,1454.388888888889,,,,,
962.0,background,186.746057,12.5056882,1172.0,1454.388888888889,,,,,
965.0,background,186.7628443,12.5607787,830.0,1454.388888888889,,,,,
966.0,background,186.7605852,15.4614659,1551.0,1454.388888888889,,,,,
967.0,background,186.7658563,12.8664417,1135.0,1454.388888888889,,,,,
968.0,background,186.7752955,13.3236918,1172.0,1454.388888888889,,,,,
977.0,background,186.7968529,12.0381804,57.0,1454.388888888889,,,,,
978.0,background,186.7966853,12.1145416,1172.0,1454.388888888889,,,,,
979.0,background,186.7986301,9.4207733,437.0,1454.388888888889,,,,,
984.0,background,186.8055801,12.7347647,1892.0,1454.388888888889,,,,,
990.0,background,186.8205856,16.0244642,1704.0,1454.388888888889,,,,,
1003.0,background,186.8604863,11.1076843,1104.0,1454.388888888889,,,,,
1010.0,background,186.8640813,12.290279,930.0,1454.388888888889,,,,,
1017.0,background,186.8814384,9.5956422,32.0,1454.388888888889,,,,,
1020.0,background,186.8833845,11.6151815,1379.0,1454.388888888889,,,,,
1025.0,background,186.9028317,8.154342,1070.0,1454.388888888889,,,,,
1027.0,background,186.9134916,12.8798909,77.0,1454.388888888889,,,,,
1030.0,background,186.9187168,13.0789836,791.0,1454.388888888889,,,,,
1035.0,background,186.9254486,12.0896455,146.0,1454.388888888889,,,,,
1036.0,background,186.9218156,12.3158886,1113.0,1454.388888888889,,,,,
1043.0,background,186.9402024,13.0088742,71.0,1454.388888888889,,,,,
1049.0,background,186.978472,8.090403,607.0,1454.388888888889,,,,,
1059.0,background,187.0018514,11.9498934,2216.0,1454.388888888889,,,,,
1062.0,background,187.0161468,9.8037122,547.0,1454.388888888889,,,,,
1069.0,background,187.027212,12.8981447,2326.0,1454.388888888889,,,,,
1073.0,background,187.0358723,12.0932857,1921.0,1454.388888888889,,,,,
1075.0,background,187.0513119,10.2976486,1808.0,1454.388888888889,,,,,
1076.0,background,187.0534826,10.5260342,1679.0,1454.388888888889,,,,,
1079.0,background,187.050112,10.3652855,1354.0,1454.388888888889,,,,,
1087.0,background,187.0619636,11.7898823,659.0,1454.388888888889,,,,,
1093.0,background,187.0780927,11.7002572,1476.0,1454.388888888889,,,,,
1101.0,background,187.0985017,13.1957565,1670.0,1454.388888888889,,,,,
1104.0,background,187.1169051,12.8236946,1707.0,1454.388888888889,,,,,
1110.0,background,187.1232946,17.0850198,1956.0,1454.388888888889,,,,,
1122.0,background,187.1737961,12.9158877,465.0,1454.388888888889,,,,,
1125.0,background,187.180447,11.7550324,162.0,1454.388888888889,,,,,
1129.0,background,187.1871314,12.8095314,12.0,1454.388888888889,,,,,
1131.0,background,187.1907795,12.0218433,1172.0,1454.388888888889,,,,,
1136.0,background,187.2046093,12.1318006,1172.0,1454.388888888889,,,,,
1146.0,background,187.2398351,13.2419339,677.0,1454.388888888889,,,,,
1148.0,background,187.2422494,12.6617298,1417.0,1454.388888888889,,,,,
1149.0,background,187.2451828,12.9079984,1172.0,1454.388888888889,,,,,
1154.0,background,187.2501631,13.9784745,1192.0,1454.388888888889,,,,,
1158.0,background,187.2625503,13.183801,1924.0,1454.388888888889,,,,,
1173.0,background,187.3118929,12.9782469,2416.0,1454.388888888889,,,,,
1177.0,background,187.3303288,12.3770123,1172.0,1454.388888888889,,,,,
1178.0,background,187.3387258,8.1566225,1243.0,1454.388888888889,,,,,
1185.0,background,187.347985,12.4508043,448.0,1454.388888888889,,,,,
1190.0,background,187.3667933,8.7498027,588.0,1454.388888888889,,,,,
1191.0,background,187.3694547,12.496207,5.0,1454.388888888889,,,,,
1192.0,background,187.3760471,7.9928597,1390.0,1454.388888888889,,,,,
1199.0,background,187.3958061,8.0580083,1392.0,1454.388888888889,,,,,
1205.0,background,187.4075732,7.8233726,2340.0,1454.388888888889,,,,,
1213.0,background,187.4135137,12.5482441,1092.0,1454.388888888889,,,,,
1216.0,background,187.4220147,12.0460966,1172.0,1454.388888888889,,,,,
1226.0,background,187.4448543,8.0004899,981.0,1454.388888888889,,,,,
1231.0,background,187.4536246,13.4294361,2244.0,1454.388888888889,,,,,
1242.0,background,187.4731182,14.0685841,1611.0,1454.388888888889,,,,,
1244.0,background,187.4847568,13.2200747,1172.0,1454.388888888889,,,,,
1250.0,background,187.4961534,12.3487189,1959.0,1454.388888888889,,,,,
1253.0,background,187.5091719,13.6365327,1338.0,1454.388888888889,,,,,
1259.0,background,187.5253517,12.3772044,1172.0,1454.388888888889,,,,,
1261.0,background,187.543047,10.7794918,1825.0,1454.388888888889,,,,,
1279.0,background,187.5725711,12.3285593,1349.0,1454.388888888889,,,,,
1283.0,background,187.576582,13.5776497,848.0,1454.388888888889,,,,,
1297.0,background,187.6332079,12.4901631,1555.0,1454.388888888889,,,,,
1298.0,background,187.6388495,12.9006515,1172.0,1454.388888888889,,,,,
1300.0,background,187.6443597,12.458119,1172.0,1454.388888888889,,,,,
1303.0,background,187.6693449,9.0156724,884.0,1454.388888888889,,,,,
1308.0,background,187.6912832,11.3431951,1739.0,1454.388888888889,,,,,
1314.0,background,187.704301,13.2238351,35.0,1454.388888888889,,,,,
1316.0,background,187.7059365,12.3911224,1284.0,1454.388888888889,,,,,
1317.0,background,187.7107846,12.736586,1172.0,1454.388888888889,,,,,
1318.0,background,187.714059,8.360007,980.0,1454.388888888889,,,,,
1321.0,background,187.7177136,16.7588428,940.0,1454.388888888889,,,,,
1327.0,background,187.7407131,12.2709806,758.0,1454.388888888889,,,,,
1340.0,background,187.793407,13.0973532,1540.0,1454.388888888889,,,,,
1343.0,background,187.8028829,13.1242729,1900.0,1454.388888888889,,,,,
1348.0,background,187.8155531,12.33177,1019.0,1454.388888888889,,,,,
1352.0,background,187.8315239,12.6115153,1766.0,1454.388888888889,,,,,
1355.0,background,187.8341502,14.1151537,1245.0,1454.388888888889,,,,,
1368.0,background,187.8855752,11.624746,1042.0,1454.388888888889,,,,,
1369.0,background,187.8889577,12.0638064,797.0,1454.388888888889,,,,,
1379.0,background,187.9142868,16.8529154,1507.0,1454.388888888889,,,,,
1386.0,background,187.9638828,12.6569935,1297.0,1454.388888888889,,,,,
1389.0,background,187.9667127,12.4818113,877.0,1454.388888888889,,,,,
1392.0,background,187.9830351,12.1741628,385.0,1454.388888888889,,,,,
1396.0,background,187.9849804,11.9726948,1094.0,1454.388888888889,,,,,
1399.0,background,188.0031452,12.620325,493.0,1454.388888888889,,,,,
1407.0,background,188.0114114,11.8900782,1007.0,1454.388888888889,,,,,
1411.0,background,188.0234745,11.8176581,909.0,1454.388888888889,,,,,
1412.0,background,188.0259744,11.1763897,1334.0,1454.388888888889,,,,,
1414.0,background,188.0388115,12.8389402,192.0,1454.388888888889,,,,,
1417.0,background,188.0399339,15.3009169,1577.0,1454.388888888889,,,,,
1419.0,background,188.0437355,13.4193556,561.0,1454.388888888889,,,,,
1420.0,background,188.05101,12.0615256,985.0,1454.388888888889,,,,,
1422.0,background,188.0592337,10.2514606,1300.0,1454.388888888889,,,,,
1426.0,background,188.0982667,11.8933691,833.0,1454.388888888889,,,,,
1431.0,background,188.0974316,11.26296,1489.0,1454.388888888889,,,,,
1438.0,background,188.1446063,12.6391986,1172.0,1454.388888888889,,,,,
1440.0,background,188.1391948,15.4153952,429.0,1454.388888888889,,,,,
1448.0,background,188.1700092,12.7710848,2583.0,1454.388888888889,,,,,
1475.0,background,188.2707092,16.265523,955.0,1454.388888888889,,,,,
1488.0,background,188.3059683,9.3973326,1074.0,1454.388888888889,,,,,
1489.0,background,188.3079662,10.928576,268.0,1454.388888888889,,,,,
1491.0,background,188.3083811,12.857822,1986.0,1454.388888888889,,,,,
1509.0,background,188.381857,9.4592142,808.0,1454.388888888889,,,,,
1512.0,background,188.3943603,11.261948,839.0,1454.388888888889,,,,,
1514.0,background,188.4070872,7.8710636,538.0,1454.388888888889,,,,,
1516.0,background,188.4154727,9.1750335,2329.0,1454.388888888889,,,,,
1523.0,background,188.452803,12.7800364,1108.0,1454.388888888889,,,,,
1528.0,background,188.4650793,13.3224639,1615.0,1454.388888888889,,,,,
1535.0,background,188.5124331,7.69931,617.0,1454.388888888889,,,,,
1537.0,background,188.525321,11.3212533,1378.0,1454.388888888889,,,,,
1539.0,background,188.5280977,12.7415714,1508.0,1454.388888888889,,,,,
1545.0,background,188.5480615,12.0489659,2065.0,1454.388888888889,,,,,
1552.0,background,188.5661639,13.0753139,90.0,1454.388888888889,,,,,
1563.0,background,188.6085262,11.9170464,2249.0,1454.388888888889,,,,,
1588.0,background,188.7118891,15.5516418,1291.0,1454.388888888889,,,,,
1615.0,background,188.8602505,14.4963502,486.0,1454.388888888889,,,,,
1619.0,background,188.8774282,12.220753,459.0,1454.388888888889,,,,,
1627.0,background,188.9052169,12.3820489,282.0,1454.388888888889,,,,,
1630.0,background,188.9081312,12.2639882,1176.0,1454.388888888889,,,,,
1632.0,background,188.9158835,12.5563645,340.0,1454.388888888889,,,,,
1661.0,background,189.1032517,10.3846789,1419.0,1454.388888888889,,,,,
1664.0,background,189.1124336,11.4392282,1142.0,1454.388888888889,,,,,
1692.0,background,189.2224185,7.2465803,1787.0,1454.388888888889,,,,,
1695.0,background,189.2285916,12.5201265,1717.0,1454.388888888889,,,,,
1696.0,background,189.2349379,14.2173437,332.0,1454.388888888889,,,,,
1720.0,background,189.3773344,9.5550995,2292.0,1454.388888888889,,,,,
1727.0,background,189.4313892,11.8182052,1517.0,1454.388888888889,,,,,
1730.0,background,189.4516186,5.3685208,1035.0,1454.388888888889,,,,,
1743.0,background,189.5282773,10.0823858,1279.0,1454.388888888889,,,,,
1779.0,background,189.7695433,14.7310745,1251.0,1454.388888888889,,,,,
1809.0,background,189.9500562,12.9739543,2828.0,1454.388888888889,,,,,
1811.0,background,189.9663104,15.2977805,631.0,1454.388888888889,,,,,
1813.0,background,189.9831538,10.176147,1892.0,1454.388888888889,,,,,
1826.0,background,190.0468834,9.8961198,1973.0,1454.388888888889,,,,,
1828.0,background,190.0557887,12.8747695,1560.0,1454.388888888889,,,,,
1833.0,background,190.0820095,15.9352811,1705.0,1454.388888888889,,,,,
1857.0,background,190.2213279,10.4756088,634.0,1454.388888888889,,,,,
1859.0,background,190.2398109,11.9121733,1649.0,1454.388888888889,,,,,
1861.0,background,190.2439935,11.1844975,630.0,1454.388888888889,,,,,
1869.0,background,190.3053852,10.1556511,1850.0,1454.388888888889,,,,,
1870.0,background,190.3139453,11.2984787,1652.0,1454.388888888889,,,,,
1871.0,background,190.3155405,11.3872469,557.0,1454.388888888889,,,,,
1879.0,background,190.3641447,11.145837,1070.0,1454.388888888889,,,,,
1883.0,background,190.3864549,7.3148793,1775.0,1454.388888888889,,,,,
1886.0,background,190.4142274,12.2474618,927.0,1454.388888888889,,,,,
1895.0,background,190.4665489,9.4029504,970.0,1454.388888888889,,,,,
1903.0,background,190.5094276,11.6469455,467.0,1454.388888888889,,,,,
1910.0,background,190.5361351,11.7542664,196.0,1454.388888888889,,,,,
1938.0,background,190.6976235,11.4425074,1152.0,1454.388888888889,,,,,
1943.0,background,190.7182196,13.2573609,1018.0,1454.388888888889,,,,,
1948.0,background,190.7418971,10.6819602,1610.0,1454.388888888889,,,,,
1978.0,background,190.9165323,11.5527,1110.0,1454.388888888889,,,,,
1987.0,background,190.9857679,13.126709,1036.0,1454.388888888889,,,,,
1993.0,background,191.0501035,12.9418399,847.0,1454.388888888889,,,,,
1999.0,background,191.1224887,13.4985566,469.0,1454.388888888889,,,,,
2000.0,background,191.1332587,11.1905008,1083.0,1454.388888888889,,,,,
2019.0,background,191.3350829,13.692672,1819.0,1454.388888888889,,,,,
2048.0,background,191.813756,10.203629,1086.0,1454.388888888889,,,,,
2050.0,background,191.8359814,12.1664348,1165.0,1454.388888888889,,,,,
2058.0,background,191.9398462,13.7628078,1604.0,1454.388888888889,,,,,
