name,category,ra_deg,dec_deg,r_proj_mpc,v_kms,v_mean_kms,delta_v_kms,sigma_v_kms,v_over_sigma,has_emission,slope_dex_per_Re,slope_error_dex_per_Re,gradient_method
32.0,background,182.7613724,12.1039918,1.4363315225518836,1877.0,1454.388888888889,422.6111111111111,223.8834094919756,1.8876392496883885,,,,
33.0,background,182.7823394,14.2748006,1.5287649213367112,1179.0,1454.388888888889,-275.3888888888889,223.8834094919756,-1.2300549179315556,,,,
49.0,background,183.0719332,13.205196,1.3644326096497645,2273.0,1454.388888888889,818.6111111111111,223.8834094919756,3.656417029598844,,,,
66.0,background,183.1940241,10.8666242,1.3811187758350587,374.0,1454.388888888889,-1080.388888888889,223.8834094919756,-4.825676414971749,,,,
89.0,background,183.4468247,13.4248521,1.2709945913863743,2098.0,1454.388888888889,643.6111111111111,223.8834094919756,2.874760182416193,,,,
140.0,background,183.8023507,14.4328799,1.2775333993639433,995.0,1454.388888888889,-459.3888888888889,223.8834094919756,-2.0519112601121714,,,,
145.0,background,183.820077,13.0239966,1.1417396455609556,703.0,1454.388888888889,-751.3888888888889,223.8834094919756,-3.3561615422683655,,,,
167.0,background,183.9766077,13.1494566,1.1036308081391604,131.0,1454.388888888889,-1323.388888888889,223.8834094919756,-5.911062779916801,,,,
199.0,background,184.1407813,7.4620674,1.7641370563063044,2584.0,1454.388888888889,1129.611111111111,223.8834094919756,5.045532912306298,,,,
200.0,background,184.1404477,13.031597,1.0505340442084856,8.0,1454.388888888889,-1446.388888888889,223.8834094919756,-6.460455878222321,,,,
220.0,background,184.2820056,7.6242759,1.7020288509837644,2275.0,1454.388888888889,820.6111111111111,223.8834094919756,3.6653502507095026,,,,
222.0,background,184.2911844,7.1915747,1.8039683564932587,2263.0,1454.388888888889,808.6111111111111,223.8834094919756,3.6117509240455496,,,,
226.0,background,184.2976068,15.3240384,1.3039859285346083,864.0,1454.388888888889,-590.3888888888889,223.8834094919756,-2.637037242860327,,,,
230.0,background,184.3318761,11.9434644,0.9870443124665397,1430.0,1454.388888888889,-24.388888888888914,223.8834094919756,-0.10893566854386795,,,,
308.0,background,184.712027,7.8619797,1.574474266480214,1530.0,1454.388888888889,75.61111111111109,223.8834094919756,0.33772538698907534,,,,
315.0,background,184.7523115,6.0946187,2.016900958341966,1589.0,1454.388888888889,134.6111111111111,223.8834094919756,0.6012554097535119,,,,
341.0,background,184.8427241,6.0986724,2.0048363070218103,1776.0,1454.388888888889,321.6111111111111,223.8834094919756,1.4365115836001159,,,,
345.0,background,184.8467458,5.8248971,2.0768961626170346,2177.0,1454.388888888889,722.6111111111111,223.8834094919756,3.2276224162872182,,,,
355.0,background,184.8773845,14.8776534,1.0921649821233357,1359.0,1454.388888888889,-95.38888888888891,223.8834094919756,-0.42606501797225765,,,,
369.0,background,184.9386693,12.798262,0.8111391602934924,1021.0,1454.388888888889,-433.3888888888889,223.8834094919756,-1.9357793856736059,,,,
397.0,background,185.0507418,6.6231923,1.8414179789283651,2442.0,1454.388888888889,987.6111111111111,223.8834094919756,4.411274213449518,,,,
465.0,background,185.3243502,11.5106643,0.7363390291609544,355.0,1454.388888888889,-1099.388888888889,223.8834094919756,-4.910542015523008,,,,
483.0,background,185.3865368,14.6061371,0.9300726713487241,1124.0,1454.388888888889,-330.3888888888889,223.8834094919756,-1.4757184984746743,,,,
490.0,background,185.4115379,15.7451112,1.1784638159387395,1267.0,1454.388888888889,-187.3888888888889,223.8834094919756,-0.8369931890625655,,,,
491.0,background,185.4180145,11.5031588,0.7117087400529215,237.0,1454.388888888889,-1217.388888888889,223.8834094919756,-5.437602061051881,,,,
497.0,background,185.4266475,14.59495,0.9194374064051346,1098.0,1454.388888888889,-356.3888888888889,223.8834094919756,-1.5918503729132396,,,,
523.0,background,185.5171828,12.7874979,0.6450555857074113,1524.0,1454.388888888889,69.61111111111109,223.8834094919756,0.31092572365709875,,,,
524.0,background,185.5235656,9.0436564,1.1588444861932063,1055.0,1454.388888888889,-399.3888888888889,223.8834094919756,-1.7839146267924053,,,,
538.0,background,185.5614014,7.1671499,1.6376344098522797,755.0,1454.388888888889,-699.3888888888889,223.8834094919756,-3.1238977933912353,,,,
543.0,background,185.5813776,14.7607696,0.9229510105800053,977.0,1454.388888888889,-477.3888888888889,223.8834094919756,-2.132310250108101,,,,
559.0,background,185.6305649,15.537915,1.0931644552946302,158.0,1454.388888888889,-1296.388888888889,223.8834094919756,-5.790464294922907,,,,
570.0,background,185.6606025,11.8008999,0.6173419937746132,1431.0,1454.388888888889,-23.388888888888914,223.8834094919756,-0.10446905798853852,,,,
571.0,background,185.6712666,7.9503803,1.4165525735191336,1101.0,1454.388888888889,-353.3888888888889,223.8834094919756,-1.5784505412472514,,,,
575.0,background,185.6803578,8.1982639,1.3503822516526618,1203.0,1454.388888888889,-251.3888888888889,223.8834094919756,-1.1228562646036493,,,,
596.0,background,185.7287922,15.8222817,1.1484097181307094,1571.0,1454.388888888889,116.61111111111109,223.8834094919756,0.5208564197575821,,,,
613.0,background,185.7757201,5.2503454,2.1451434460873346,1667.0,1454.388888888889,212.6111111111111,223.8834094919756,0.9496510330692076,,,,
648.0,background,185.8956063,6.0817747,1.9035366196195989,1266.0,1454.388888888889,-188.3888888888889,223.8834094919756,-0.841459799617895,,,,
654.0,background,185.8970174,16.7223449,1.3611971540762582,933.0,1454.388888888889,-521.3888888888889,223.8834094919756,-2.328841114542596,,,,
657.0,background,185.9125041,7.0539981,1.6328100957825338,761.0,1454.388888888889,-693.3888888888889,223.8834094919756,-3.0970981300592584,,,,
685.0,background,185.9910099,16.6933384,1.3431091168445042,1210.0,1454.388888888889,-244.3888888888889,223.8834094919756,-1.091589990716343,,,,
692.0,background,186.0063131,12.2047665,0.4958370142283634,2325.0,1454.388888888889,870.6111111111111,223.8834094919756,3.8886807784759743,,,,
698.0,background,186.0209443,11.2180718,0.5953941889905755,2083.0,1454.388888888889,628.6111111111111,223.8834094919756,2.807761024086252,,,,
731.0,background,186.11773,7.3177697,1.5416766308556202,1243.0,1454.388888888889,-211.3888888888889,223.8834094919756,-0.9441918423904719,,,,
750.0,background,186.2065252,6.7595615,1.6900459040075735,1059.0,1454.388888888889,-395.3888888888889,223.8834094919756,-1.7660481845710876,,,,
759.0,background,186.2309734,11.7041966,0.47184539376586215,933.0,1454.388888888889,-521.3888888888889,223.8834094919756,-2.328841114542596,,,,
763.0,background,186.2656026,12.8869755,0.4417489273465607,1017.0,1454.388888888889,-437.3888888888889,223.8834094919756,-1.9536458278949238,,,,
778.0,background,186.3014104,14.7621692,0.7991851461970901,1338.0,1454.388888888889,-116.38888888888891,223.8834094919756,-0.5198638396341758,,,,
784.0,background,186.3114423,15.6074215,1.016620035210375,1074.0,1454.388888888889,-380.3888888888889,223.8834094919756,-1.699049026241146,,,,
785.0,background,186.3254153,4.9251457,2.2018341977645672,2559.0,1454.388888888889,1104.611111111111,223.8834094919756,4.933867648423062,,,,
792.0,background,186.342391,10.0167929,0.7940183710602479,963.0,1454.388888888889,-491.3888888888889,223.8834094919756,-2.194842797882713,,,,
801.0,background,186.3560921,16.4699454,1.245948306742983,1710.0,1454.388888888889,255.6111111111111,223.8834094919756,1.1417152869483733,,,,
828.0,background,186.4236734,12.8105171,0.39123403614140095,538.0,1454.388888888889,-916.3888888888889,223.8834094919756,-4.093152283897722,,,,
836.0,background,186.4446712,12.6619044,0.3740940990052238,2524.0,1454.388888888889,1069.611111111111,223.8834094919756,4.777536278986531,,,,
856.0,background,186.4913357,10.0537778,0.7638822005382767,1001.0,1454.388888888889,-453.3888888888889,223.8834094919756,-2.0251115967801945,,,,
873.0,background,186.5297661,13.1119969,0.400050556790707,237.0,1454.388888888889,-1217.388888888889,223.8834094919756,-5.437602061051881,,,,
874.0,background,186.5298124,16.1809713,1.1507621851948502,1735.0,1454.388888888889,280.6111111111111,223.8834094919756,1.2533805508316092,,,,
896.0,background,186.5942075,12.7863945,0.3421661296239409,2114.0,1454.388888888889,659.6111111111111,223.8834094919756,2.946225951301464,,,,
898.0,background,186.5984901,13.3735172,0.4293061007742506,1172.0,1454.388888888889,-282.3888888888889,223.8834094919756,-1.2613211918188616,,,,
912.0,background,186.634391,12.6107082,0.31719848765319364,69.0,1454.388888888889,-1385.388888888889,223.8834094919756,-6.187992634347226,,,,
916.0,background,186.6383646,12.7429799,0.3259706516871099,1298.0,1454.388888888889,-156.3888888888889,223.8834094919756,-0.6985282618473531,,,,
929.0,background,186.6686939,8.4356972,1.185854884429223,907.0,1454.388888888889,-547.3888888888889,223.8834094919756,-2.4449729889811613,,,,
930.0,background,186.6714522,12.845406,0.32764593617536214,1172.0,1454.388888888889,-282.3888888888889,223.8834094919756,-1.2613211918188616,,,,
938.0,background,186.694772,7.9189879,1.3296544456544406,1399.0,1454.388888888889,-55.388888888888914,223.8834094919756,-0.24740059575908036,,,,
939.0,background,186.6968095,8.8845903,1.0581636401552095,1272.0,1454.388888888889,-182.3888888888889,223.8834094919756,-0.8146601362859184,,,,
940.0,background,186.6961004,12.4539694,0.2934114286722008,1392.0,1454.388888888889,-62.388888888888914,223.8834094919756,-0.2786668696463864,,,,
942.0,background,186.7020527,12.399878,0.2911296959254137,1172.0,1454.388888888889,-282.3888888888889,223.8834094919756,-1.2613211918188616,,,,
944.0,background,186.7108668,9.5842588,0.8636247115587035,828.0,1454.388888888889,-626.3888888888889,223.8834094919756,-2.7978352228521866,,,,
950.0,background,186.7114036,11.557647,0.37629891126232357,1100.0,1454.388888888889,-354.3888888888889,223.8834094919756,-1.5829171518025809,,,,
951.0,background,186.726503,11.6639359,0.35375659086694494,2106.0,1454.388888888889,651.6111111111111,223.8834094919756,2.9104930668588285,,,,
962.0,background,186.746057,12.5056882,0.28033321477567213,1172.0,1454.388888888889,-282.3888888888889,223.8834094919756,-1.2613211918188616,,,,
965.0,background,186.7628443,12.5607787,0.27787947526774925,830.0,1454.388888888889,-624.3888888888889,223.8834094919756,-2.7889020017415276,,,,
966.0,background,186.7605852,15.4614659,0.9316478690128724,1551.0,1454.388888888889,96.61111111111109,223.8834094919756,0.43152420865099345,,,,
967.0,background,186.7658563,12.8664417,0.3054832631539753,1135.0,1454.388888888889,-319.3888888888889,223.8834094919756,-1.4265857823660506,,,,
968.0,background,186.7752955,13.3236918,0.38206699434951996,1172.0,1454.388888888889,-282.3888888888889,223.8834094919756,-1.2613211918188616,,,,
977.0,background,186.7968529,12.0381804,0.2827985035164584,57.0,1454.388888888889,-1397.388888888889,223.8834094919756,-6.24159196101118,,,,
978.0,background,186.7966853,12.1145416,0.27560455819401725,1172.0,1454.388888888889,-282.3888888888889,223.8834094919756,-1.2613211918188616,,,,
979.0,background,186.7986301,9.4207733,0.9006877282308697,437.0,1454.388888888889,-1017.3888888888889,223.8834094919756,-4.544279949985995,,,,
984.0,background,186.8055801,12.7347647,0.27946817294519233,1892.0,1454.388888888889,437.6111111111111,223.8834094919756,1.95463840801833,,,,
990.0,background,186.8205856,16.0244642,1.084498780969922,1704.0,1454.388888888889,249.6111111111111,223.8834094919756,1.1149156236163966,,,,
1003.0,background,186.8604863,11.1076843,0.4456903216826392,1104.0,1454.388888888889,-350.3888888888889,223.8834094919756,-1.5650507095812631,,,,
1010.0,background,186.8640813,12.290279,0.2458756183732204,930.0,1454.388888888889,-524.3888888888889,223.8834094919756,-2.3422409462085843,,,,
1017.0,background,186.8814384,9.5956422,0.8452119302949391,32.0,1454.388888888889,-1422.388888888889,223.8834094919756,-6.353257224894415,,,,
1020.0,background,186.8833845,11.6151815,0.3279217562250498,1379.0,1454.388888888889,-75.38888888888891,223.8834094919756,-0.33673280686566903,,,,
1025.0,background,186.9028317,8.154342,1.2505431694842726,1070.0,1454.388888888889,-384.3888888888889,223.8834094919756,-1.7169154684624637,,,,
1027.0,background,186.9134916,12.8798909,0.2699997983561207,77.0,1454.388888888889,-1377.388888888889,223.8834094919756,-6.152259749904591,,,,
1030.0,background,186.9187168,13.0789836,0.30316160396470493,791.0,1454.388888888889,-663.3888888888889,223.8834094919756,-2.9630998133993756,,,,
1035.0,background,186.9254486,12.0896455,0.24263259849921018,146.0,1454.388888888889,-1308.388888888889,223.8834094919756,-5.8440636215868595,,,,
1036.0,background,186.9218156,12.3158886,0.22843161969915385,1113.0,1454.388888888889,-341.3888888888889,223.8834094919756,-1.5248512145832982,,,,
1043.0,background,186.9402024,13.0088742,0.28531171862460014,71.0,1454.388888888889,-1383.388888888889,223.8834094919756,-6.179059413236567,,,,
1049.0,background,186.978472,8.090403,1.2649231142414004,607.0,1454.388888888889,-847.3888888888889,223.8834094919756,-3.7849561555799913,,,,
1059.0,background,187.0018514,11.9498934,0.2409583151172115,2216.0,1454.388888888889,761.6111111111111,223.8834094919756,3.401820227945066,,,,
1062.0,background,187.0161468,9.8037122,0.7765533120577512,547.0,1454.388888888889,-907.3888888888889,223.8834094919756,-4.052952788899757,,,,
1069.0,background,187.027212,12.8981447,0.24568067143701908,2326.0,1454.388888888889,871.6111111111111,223.8834094919756,3.893147389031304,,,,
1073.0,background,187.0358723,12.0932857,0.21264254492434193,1921.0,1454.388888888889,466.6111111111111,223.8834094919756,2.0841701141228834,,,,
1075.0,background,187.0513119,10.2976486,0.6360937751852354,1808.0,1454.388888888889,353.6111111111111,223.8834094919756,1.5794431213706577,,,,
1076.0,background,187.0534826,10.5260342,0.5730128891748286,1679.0,1454.388888888889,224.6111111111111,223.8834094919756,1.0032503597331608,,,,
1079.0,background,187.050112,10.3652855,0.617507755782981,1354.0,1454.388888888889,-100.38888888888891,223.8834094919756,-0.44839807074890486,,,,
1087.0,background,187.0619636,11.7898823,0.2554888047716217,659.0,1454.388888888889,-795.3888888888889,223.8834094919756,-3.5526924067028607,,,,
1093.0,background,187.0780927,11.7002572,0.2707186844821036,1476.0,1454.388888888889,21.611111111111086,223.8834094919756,0.09652841700128596,,,,
1101.0,background,187.0985017,13.1957565,0.29236613455983085,1670.0,1454.388888888889,215.6111111111111,223.8834094919756,0.963050864735196,,,,
1104.0,background,187.1169051,12.8236946,0.2119278167819607,1707.0,1454.388888888889,252.6111111111111,223.8834094919756,1.1283154552823849,,,,
1110.0,background,187.1232946,17.0850198,1.3716765802080602,1956.0,1454.388888888889,501.6111111111111,223.8834094919756,2.240501483559414,,,,
1122.0,background,187.1737961,12.9158877,0.21673039778309425,465.0,1454.388888888889,-989.3888888888889,223.8834094919756,-4.41921485443677,,,,
1125.0,background,187.180447,11.7550324,0.2392664853595598,162.0,1454.388888888889,-1292.388888888889,223.8834094919756,-5.772597852701589,,,,
1129.0,background,187.1871314,12.8095314,0.19328001477869125,12.0,1454.388888888889,-1442.388888888889,223.8834094919756,-6.442589436001004,,,,
1131.0,background,187.1907795,12.0218433,0.18380709556364497,1172.0,1454.388888888889,-282.3888888888889,223.8834094919756,-1.2613211918188616,,,,
1136.0,background,187.2046093,12.1318006,0.16367640669748112,1172.0,1454.388888888889,-282.3888888888889,223.8834094919756,-1.2613211918188616,,,,
1148.0,background,187.2422494,12.6617298,0.15568728147427513,1417.0,1454.388888888889,-37.388888888888914,223.8834094919756,-0.16700160576315057,,,,
1149.0,background,187.2451828,12.9079984,0.20079915655364844,1172.0,1454.388888888889,-282.3888888888889,223.8834094919756,-1.2613211918188616,,,,
1154.0,background,187.2501631,13.9784745,0.4789303725794175,1192.0,1454.388888888889,-262.3888888888889,223.8834094919756,-1.171988980712273,,,,
1158.0,background,187.2625503,13.183801,0.26339137110414645,1924.0,1454.388888888889,469.6111111111111,223.8834094919756,2.0975699457888717,,,,
1173.0,background,187.3118929,12.9782469,0.2050542961706587,2416.0,1454.388888888889,961.6111111111111,223.8834094919756,4.295142339010953,,,,
1177.0,background,187.3303288,12.3770123,0.10899535901077871,1172.0,1454.388888888889,-282.3888888888889,223.8834094919756,-1.2613211918188616,,,,
1178.0,background,187.3387258,8.1566225,1.2326123550115986,1243.0,1454.388888888889,-211.3888888888889,223.8834094919756,-0.9441918423904719,,,,
1185.0,background,187.347985,12.4508043,0.10523145461606984,448.0,1454.388888888889,-1006.3888888888889,223.8834094919756,-4.495147233877371,,,,
1190.0,background,187.3667933,8.7498027,1.0605515224086928,588.0,1454.388888888889,-866.3888888888889,223.8834094919756,-3.8698217561312505,,,,
1191.0,background,187.3694547,12.496207,0.10222055589694909,5.0,1454.388888888889,-1449.388888888889,223.8834094919756,-6.473855709888309,,,,
1192.0,background,187.3760471,7.9928597,1.2790776438768467,1390.0,1454.388888888889,-64.38888888888891,223.8834094919756,-0.28760009075704523,,,,
1199.0,background,187.3958061,8.0580083,1.259816257457811,1392.0,1454.388888888889,-62.388888888888914,223.8834094919756,-0.2786668696463864,,,,
1205.0,background,187.4075732,7.8233726,1.3274691368377223,2340.0,1454.388888888889,885.6111111111111,223.8834094919756,3.955679936805916,,,,
1213.0,background,187.4135137,12.5482441,0.09626234465502269,1092.0,1454.388888888889,-362.3888888888889,223.8834094919756,-1.6186500362452163,,,,
1216.0,background,187.4220147,12.0460966,0.12957441704750516,1172.0,1454.388888888889,-282.3888888888889,223.8834094919756,-1.2613211918188616,,,,
1226.0,background,187.4448543,8.0004899,1.275531391056977,981.0,1454.388888888889,-473.3888888888889,223.8834094919756,-2.1144438078867833,,,,
1231.0,background,187.4536246,13.4294361,0.30987259888014496,2244.0,1454.388888888889,789.6111111111111,223.8834094919756,3.5268853234942905,,,,
1242.0,background,187.4731182,14.0685841,0.49112660833386107,1611.0,1454.388888888889,156.6111111111111,223.8834094919756,0.6995208419707594,,,,
1244.0,background,187.4847568,13.2200747,0.24880489664620115,1172.0,1454.388888888889,-282.3888888888889,223.8834094919756,-1.2613211918188616,,,,
1250.0,background,187.4961534,12.3487189,0.06205978624304844,1959.0,1454.388888888889,504.6111111111111,223.8834094919756,2.253901315225402,,,,
1253.0,background,187.5091719,13.6365327,0.3656483343673453,1338.0,1454.388888888889,-116.38888888888891,223.8834094919756,-0.5198638396341758,,,,
1259.0,background,187.5253517,12.3772044,0.05251718536470957,1172.0,1454.388888888889,-282.3888888888889,223.8834094919756,-1.2613211918188616,,,,
1261.0,background,187.543047,10.7794918,0.46975254248671844,1825.0,1454.388888888889,370.6111111111111,223.8834094919756,1.655375500811258,,,,
1279.0,background,187.5725711,12.3285593,0.04271287860950392,1349.0,1454.388888888889,-105.38888888888891,223.8834094919756,-0.470731123525552,,,,
1283.0,background,187.576582,13.5776497,0.346131548018391,848.0,1454.388888888889,-606.3888888888889,223.8834094919756,-2.7085030117455977,,,,
1297.0,background,187.6332079,12.4901631,0.03563005076153705,1555.0,1454.388888888889,100.61111111111109,223.8834094919756,0.44939065087231117,,,,
1298.0,background,187.6388495,12.9006515,0.1490384064556018,1172.0,1454.388888888889,-282.3888888888889,223.8834094919756,-1.2613211918188616,,,,
1300.0,background,187.6443597,12.458119,0.026384112392775123,1172.0,1454.388888888889,-282.3888888888889,223.8834094919756,-1.2613211918188616,,,,
1303.0,background,187.6693449,9.0156724,0.9789372364605023,884.0,1454.388888888889,-570.3888888888889,223.8834094919756,-2.5477050317537384,,,,
1308.0,background,187.6912832,11.3431951,0.3039278226103441,1739.0,1454.388888888889,284.6111111111111,223.8834094919756,1.2712469930529269,,,,
1314.0,background,187.704301,13.2238351,0.24148782979931244,35.0,1454.388888888889,-1419.388888888889,223.8834094919756,-6.339857393228427,,,,
1316.0,background,187.7059365,12.3911224,7.716452622914264e-06,1284.0,1454.388888888889,-170.3888888888889,223.8834094919756,-0.7610608096219651,,,,
1317.0,background,187.7107846,12.736586,0.1001951128444176,1172.0,1454.388888888889,-282.3888888888889,223.8834094919756,-1.2613211918188616,,,,
1318.0,background,187.714059,8.360007,1.169025158642866,980.0,1454.388888888889,-474.3888888888889,223.8834094919756,-2.1189104184421126,,,,
1321.0,background,187.7177136,16.7588428,1.2666442373128042,940.0,1454.388888888889,-514.3888888888889,223.8834094919756,-2.29757484065529,,,,
1327.0,background,187.7407131,12.2709806,0.0362728809730593,758.0,1454.388888888889,-696.3888888888889,223.8834094919756,-3.1104979617252466,,,,
1340.0,background,187.793407,13.0973532,0.2063734744589126,1540.0,1454.388888888889,85.61111111111109,223.8834094919756,0.38239149254236965,,,,
1343.0,background,187.8028829,13.1242729,0.21446611110683184,1900.0,1454.388888888889,445.6111111111111,223.8834094919756,1.9903712924609656,,,,
1348.0,background,187.8155531,12.33177,0.03615595498541001,1019.0,1454.388888888889,-435.3888888888889,223.8834094919756,-1.9447126067842648,,,,
1352.0,background,187.8315239,12.6115153,0.07356685575297563,1766.0,1454.388888888889,311.6111111111111,223.8834094919756,1.3918454780468215,,,,
1355.0,background,187.8341502,14.1151537,0.5013510193226187,1245.0,1454.388888888889,-209.3888888888889,223.8834094919756,-0.935258621279813,,,,
1368.0,background,187.8855752,11.624746,0.22827415752648977,1042.0,1454.388888888889,-412.3888888888889,223.8834094919756,-1.841980564011688,,,,
1369.0,background,187.8889577,12.0638064,0.10875605241007565,797.0,1454.388888888889,-657.3888888888889,223.8834094919756,-2.936300150067399,,,,
1379.0,background,187.9142868,16.8529154,1.295330995080537,1507.0,1454.388888888889,52.611111111111086,223.8834094919756,0.23499334421649837,,,,
1386.0,background,187.9638828,12.6569935,0.10743264534530438,1297.0,1454.388888888889,-157.3888888888889,223.8834094919756,-0.7029948724026825,,,,
1389.0,background,187.9667127,12.4818113,0.0800751706507865,877.0,1454.388888888889,-577.3888888888889,223.8834094919756,-2.578971305641044,,,,
1392.0,background,187.9830351,12.1741628,0.10206547741545094,385.0,1454.388888888889,-1069.388888888889,223.8834094919756,-4.776543698863125,,,,
1396.0,background,187.9849804,11.9726948,0.14585585566002182,1094.0,1454.388888888889,-360.3888888888889,223.8834094919756,-1.6097168151345573,,,,
1399.0,background,188.0031452,12.620325,0.10884998321412165,493.0,1454.388888888889,-961.3888888888889,223.8834094919756,-4.294149758887547,,,,
1407.0,background,188.0114114,11.8900782,0.17018182224317518,1007.0,1454.388888888889,-447.3888888888889,223.8834094919756,-1.998311933448218,,,,
1411.0,background,188.0234745,11.8176581,0.19010064339406574,909.0,1454.388888888889,-545.3888888888889,223.8834094919756,-2.4360397678705024,,,,
1412.0,background,188.0259744,11.1763897,0.36429482363954463,1334.0,1454.388888888889,-120.38888888888891,223.8834094919756,-0.5377302818554935,,,,
1414.0,background,188.0388115,12.8389402,0.16182060812321897,192.0,1454.388888888889,-1262.388888888889,223.8834094919756,-5.638599536041705,,,,
1417.0,background,188.0399339,15.3009169,0.8493827206025863,1577.0,1454.388888888889,122.61111111111109,223.8834094919756,0.5476560830895587,,,,
1419.0,background,188.0437355,13.4193556,0.31386984392673856,561.0,1454.388888888889,-893.3888888888889,223.8834094919756,-3.990420241125145,,,,
1420.0,background,188.05101,12.0615256,0.13839001713565027,985.0,1454.388888888889,-469.3888888888889,223.8834094919756,-2.0965773656654654,,,,
1422.0,background,188.0592337,10.2514606,0.6289042985523821,1300.0,1454.388888888889,-154.3888888888889,223.8834094919756,-0.6895950407366942,,,,
1426.0,background,188.0982667,11.8933691,0.18380138194978007,833.0,1454.388888888889,-621.3888888888889,223.8834094919756,-2.7755021700755393,,,,
1431.0,background,188.0974316,11.26296,0.346308348036368,1489.0,1454.388888888889,34.611111111111086,223.8834094919756,0.15459435422056858,,,,
1438.0,background,188.1446063,12.6391986,0.1461546588998107,1172.0,1454.388888888889,-282.3888888888889,223.8834094919756,-1.2613211918188616,,,,
1440.0,background,188.1391948,15.4153952,0.8859951459759793,429.0,1454.388888888889,-1025.388888888889,223.8834094919756,-4.58001283442863,,,,
1448.0,background,188.1700092,12.7710848,0.17394230863353144,2583.0,1454.388888888889,1128.611111111111,223.8834094919756,5.041066301750968,,,,
1475.0,background,188.2707092,16.265523,1.1354526524974804,955.0,1454.388888888889,-499.3888888888889,223.8834094919756,-2.2305756823253486,,,,
1488.0,background,188.3059683,9.3973326,0.8854661212711543,1074.0,1454.388888888889,-380.3888888888889,223.8834094919756,-1.699049026241146,,,,
1489.0,background,188.3079662,10.928576,0.45866840607690085,268.0,1454.388888888889,-1186.388888888889,223.8834094919756,-5.299137133836669,,,,
1491.0,background,188.3083811,12.857822,0.2210062931276116,1986.0,1454.388888888889,531.6111111111111,223.8834094919756,2.3744998002192967,,,,
1509.0,background,188.381857,9.4592142,0.8725567481916757,808.0,1454.388888888889,-646.3888888888889,223.8834094919756,-2.887167433958775,,,,
1512.0,background,188.3943603,11.261948,0.3835235715038373,839.0,1454.388888888889,-615.3888888888889,223.8834094919756,-2.748702506743563,,,,
1514.0,background,188.4070872,7.8710636,1.3264943419520823,538.0,1454.388888888889,-916.3888888888889,223.8834094919756,-4.093152283897722,,,,
1516.0,background,188.4154727,9.1750335,0.9550951594579525,2329.0,1454.388888888889,874.6111111111111,223.8834094919756,3.906547220697292,,,,
1523.0,background,188.452803,12.7800364,0.24420430086620587,1108.0,1454.388888888889,-346.3888888888889,223.8834094919756,-1.5471842673599454,,,,
1528.0,background,188.4650793,13.3224639,0.3484515616029162,1615.0,1454.388888888889,160.6111111111111,223.8834094919756,0.7173872841920771,,,,
1535.0,background,188.5124331,7.69931,1.380581560561027,617.0,1454.388888888889,-837.3888888888889,223.8834094919756,-3.740290050026697,,,,
1537.0,background,188.525321,11.3212533,0.3908065159387956,1378.0,1454.388888888889,-76.38888888888891,223.8834094919756,-0.34119941742099846,,,,
1539.0,background,188.5280977,12.7415714,0.25919070179003784,1508.0,1454.388888888889,53.611111111111086,223.8834094919756,0.23945995477182783,,,,
1545.0,background,188.5480615,12.0489659,0.263611208665396,2065.0,1454.388888888889,610.6111111111111,223.8834094919756,2.727362034090322,,,,
1552.0,background,188.5661639,13.0753139,0.31875710704009386,90.0,1454.388888888889,-1364.388888888889,223.8834094919756,-6.094193812685308,,,,
1563.0,background,188.6085262,11.9170464,0.29566659589257505,2249.0,1454.388888888889,794.6111111111111,223.8834094919756,3.5492183762709377,,,,
1615.0,background,188.8602505,14.4963502,0.6962715915164202,486.0,1454.388888888889,-968.3888888888889,223.8834094919756,-4.325416032774853,,,,
1619.0,background,188.8774282,12.220753,0.3433139260514549,459.0,1454.388888888889,-995.3888888888889,223.8834094919756,-4.446014517768747,,,,
1627.0,background,188.9052169,12.3820489,0.3478089493571482,282.0,1454.388888888889,-1172.388888888889,223.8834094919756,-5.2366045860620565,,,,
1630.0,background,188.9081312,12.2639882,0.3505880884001798,1176.0,1454.388888888889,-278.3888888888889,223.8834094919756,-1.2434547495975439,,,,
1632.0,background,188.9158835,12.5563645,0.35414944566112466,340.0,1454.388888888889,-1114.388888888889,223.8834094919756,-4.977541173852949,,,,
1661.0,background,189.1032517,10.3846789,0.7090704428863135,1419.0,1454.388888888889,-35.388888888888914,223.8834094919756,-0.1580683846524917,,,,
1664.0,background,189.1124336,11.4392282,0.492522687913788,1142.0,1454.388888888889,-312.3888888888889,223.8834094919756,-1.3953195084787446,,,,
1692.0,background,189.2224185,7.2465803,1.5553867352312125,1787.0,1454.388888888889,332.6111111111111,223.8834094919756,1.4856442997087396,,,,
1695.0,background,189.2285916,12.5201265,0.44315965800482077,1717.0,1454.388888888889,262.6111111111111,223.8834094919756,1.1729815608356793,,,,
1696.0,background,189.2349379,14.2173437,0.6907249271102315,332.0,1454.388888888889,-1122.388888888889,223.8834094919756,-5.013274058295585,,,,
1720.0,background,189.3773344,9.5550995,0.9546539155591028,2292.0,1454.388888888889,837.6111111111111,223.8834094919756,3.741282630150103,,,,
1727.0,background,189.4313892,11.8182052,0.5272507727352111,1517.0,1454.388888888889,62.611111111111086,223.8834094919756,0.27965944976979273,,,,
1730.0,background,189.4516186,5.3685208,2.0985342206311963,1035.0,1454.388888888889,-419.3888888888889,223.8834094919756,-1.873246837898994,,,,
1743.0,background,189.5282773,10.0823858,0.8529785032088402,1279.0,1454.388888888889,-175.3888888888889,223.8834094919756,-0.7833938623986123,,,,
1779.0,background,189.7695433,14.7310745,0.9047799906589382,1251.0,1454.388888888889,-203.3888888888889,223.8834094919756,-0.9084589579478364,,,,
1809.0,background,189.9500562,12.9739543,0.6723928760852749,2828.0,1454.388888888889,1373.611111111111,223.8834094919756,6.135385887806679,,,,
1813.0,background,189.9831538,10.176147,0.9212668183335406,1892.0,1454.388888888889,437.6111111111111,223.8834094919756,1.95463840801833,,,,
1826.0,background,190.0468834,9.8961198,0.9921722857832702,1973.0,1454.388888888889,518.6111111111111,223.8834094919756,2.316433863000014,,,,
1828.0,background,190.0557887,12.8747695,0.6957490288413841,1560.0,1454.388888888889,105.61111111111109,223.8834094919756,0.4717237036489583,,,,
1833.0,background,190.0820095,15.9352811,1.237417689607094,1705.0,1454.388888888889,250.6111111111111,223.8834094919756,1.119382234171726,,,,
1857.0,background,190.2213279,10.4756088,0.9169004973441968,634.0,1454.388888888889,-820.3888888888889,223.8834094919756,-3.6643576705860963,,,,
1859.0,background,190.2398109,11.9121733,0.7478426814631789,1649.0,1454.388888888889,194.6111111111111,223.8834094919756,0.8692520430732779,,,,
1861.0,background,190.2439935,11.1844975,0.8149880123359124,630.0,1454.388888888889,-824.3888888888889,223.8834094919756,-3.6822241128074142,,,,
1869.0,background,190.3053852,10.1556511,0.9942641654950346,1850.0,1454.388888888889,395.6111111111111,223.8834094919756,1.767040764694494,,,,
1870.0,background,190.3139453,11.2984787,0.8200240696349379,1652.0,1454.388888888889,197.6111111111111,223.8834094919756,0.8826518747392661,,,,
1871.0,background,190.3155405,11.3872469,0.8108564159203474,557.0,1454.388888888889,-897.3888888888889,223.8834094919756,-4.008286683346463,,,,
1879.0,background,190.3641447,11.145837,0.8512841932388858,1070.0,1454.388888888889,-384.3888888888889,223.8834094919756,-1.7169154684624637,,,,
1883.0,background,190.3864549,7.3148793,1.6647500607904284,1775.0,1454.388888888889,320.6111111111111,223.8834094919756,1.4320449730447864,,,,
1886.0,background,190.4142274,12.2474618,0.7865161859476486,927.0,1454.388888888889,-527.3888888888889,223.8834094919756,-2.3556407778745725,,,,
1895.0,background,190.4665489,9.4029504,1.1797791923967282,970.0,1454.388888888889,-484.3888888888889,223.8834094919756,-2.163576523995407,,,,
1903.0,background,190.5094276,11.6469455,0.8411753127253835,467.0,1454.388888888889,-987.3888888888889,223.8834094919756,-4.410281633326112,,,,
1938.0,background,190.6976235,11.4425074,0.910166537592886,1152.0,1454.388888888889,-302.3888888888889,223.8834094919756,-1.3506534029254502,,,,
1943.0,background,190.7182196,13.2573609,0.908972255782018,1018.0,1454.388888888889,-436.3888888888889,223.8834094919756,-1.9491792173395943,,,,
1948.0,background,190.7418971,10.6819602,1.0103678614874565,1610.0,1454.388888888889,155.6111111111111,223.8834094919756,0.69505423141543,,,,
1978.0,background,190.9165323,11.5527,0.9623038870004549,1110.0,1454.388888888889,-344.3888888888889,223.8834094919756,-1.5382510462492864,,,,
1987.0,background,190.9857679,13.126709,0.9747865477506605,1036.0,1454.388888888889,-418.3888888888889,223.8834094919756,-1.8687802273436644,,,,
1993.0,background,191.0501035,12.9418399,0.9828785217146793,847.0,1454.388888888889,-607.3888888888889,223.8834094919756,-2.7129696223009274,,,,
1999.0,background,191.1224887,13.4985566,1.0415573497575374,469.0,1454.388888888889,-985.3888888888889,223.8834094919756,-4.4013484122154525,,,,
2000.0,background,191.1332587,11.1905008,1.0531515032704049,1083.0,1454.388888888889,-371.3888888888889,223.8834094919756,-1.6588495312431812,,,,
2019.0,background,191.3350829,13.692672,1.1180970044167702,1819.0,1454.388888888889,364.6111111111111,223.8834094919756,1.6285758374792814,,,,
2048.0,background,191.813756,10.203629,1.3496537574083376,1086.0,1454.388888888889,-368.3888888888889,223.8834094919756,-1.6454496995771928,,,,
2050.0,background,191.8359814,12.1664348,1.1994917868870054,1165.0,1454.388888888889,-289.3888888888889,223.8834094919756,-1.2925874657061676,,,,
2058.0,background,191.9398462,13.7628078,1.290670833438621,1604.0,1454.388888888889,149.6111111111111,223.8834094919756,0.6682545680834534,,,,
2066.0,background,192.0630072,10.9832842,1.3278801272576513,1160.0,1454.388888888889,-294.3888888888889,223.8834094919756,-1.3149205184828148,,,,
2087.0,background,192.7782371,10.9120966,1.5322325688754497,925.0,1454.388888888889,-529.3888888888889,223.8834094919756,-2.3645739989852315,,,,
2092.0,background,193.0729,11.3138628,1.5874702971135786,1351.0,1454.388888888889,-103.38888888888891,223.8834094919756,-0.46179790241489316,,,,
2095.0,background,193.2332268,11.2309755,1.637849713244788,986.0,1454.388888888889,-468.3888888888889,223.8834094919756,-2.092110755110136,,,,
VCC0308,galaxy,184.71179167,7.86291667,1.5742852392860227,1572.0,1454.388888888889,117.61111111111109,223.8834094919756,0.5253230303129115,True,-0.0722454755189709,0.0014934573594846,RDB
VCC0667,galaxy,185.951875,7.18641667,1.5927727089747143,1431.0,1454.388888888889,-23.388888888888914,223.8834094919756,-0.10446905798853852,True,-0.0662669466209892,0.0145806522815925,RDB
VCC0688,galaxy,186.00083333,7.78525,1.4242904987111724,1061.0,1454.388888888889,-393.3888888888889,223.8834094919756,-1.7571149634604286,True,-0.072118397556233,0.0253961158346273,RDB
VCC1049,galaxy,186.97720833,8.09055556,1.2649406621200545,1249.0,1454.388888888889,-205.3888888888889,223.8834094919756,-0.9173921790584952,True,0.0593322640533798,0.0641739162972839,RDB
VCC1146,galaxy,187.23920833,13.24186111,0.2814002690663012,1404.0,1454.388888888889,-50.388888888888914,223.8834094919756,-0.2250675429824332,True,-0.1079914611259821,0.0109601630729694,RDB
VCC1193,galaxy,187.38029167,7.69722222,1.3645017326130258,1543.0,1454.388888888889,88.61111111111109,223.8834094919756,0.39579132420835794,True,0.0490411039932618,0.1107472932122293,RDB
VCC1368,galaxy,187.88520834,11.626,0.22789581483116442,1322.0,1454.388888888889,-132.3888888888889,223.8834094919756,-0.5913296085194467,True,0.0219859206475915,0.0409974468381489,RDB
VCC1410,galaxy,188.01254167,16.68780556,1.2492077708344813,1411.0,1454.388888888889,-43.388888888888914,223.8834094919756,-0.19380126909512718,True,0.0074295944824176,0.0486932290099147,RDB
VCC1431,galaxy,188.09841667,11.26347222,0.34626182181375637,1379.0,1454.388888888889,-75.38888888888891,223.8834094919756,-0.33673280686566903,True,-0.1123283205338055,0.0441828430985143,RDB
VCC1486,galaxy,188.29304167,11.34744444,0.3472720966529635,1588.0,1454.388888888889,133.6111111111111,223.8834094919756,0.5967887991981824,True,-0.0097742922226239,0.0548785641631731,RDB
VCC1549,galaxy,188.56275,11.07166667,0.4562440035134763,1359.0,1454.388888888889,-95.38888888888891,223.8834094919756,-0.42606501797225765,False,-0.025052512954847,0.0203156016854024,RDB
VCC1588,galaxy,188.711375,15.55197222,0.9619062901271735,1947.0,1454.388888888889,492.6111111111111,223.8834094919756,2.2003019885614488,True,-0.0121812858392797,0.0205618391256731,RDB
VCC1695,galaxy,189.23066667,12.52055556,0.4437697903941441,1359.0,1454.388888888889,-95.38888888888891,223.8834094919756,-0.42606501797225765,True,0.0124513144018889,0.0422408227188486,RDB
VCC1811,galaxy,189.9665,15.29788889,1.0678764205667401,1386.0,1454.388888888889,-68.38888888888891,223.8834094919756,-0.305466532978363,True,0.0092698754666362,0.0010293647014615,RDB
VCC1890,galaxy,190.44312499,11.48869444,0.8358199365750599,1438.0,1454.388888888889,-16.388888888888914,223.8834094919756,-0.07320278410123249,True,-0.0205648586201374,0.0280924074736916,RDB
VCC1902,galaxy,190.49858333,12.94327778,0.8255532713224953,1452.0,1454.388888888889,-2.388888888888914,223.8834094919756,-0.010670236326620425,True,0.0267255440113591,0.0514787961370328,RDB
VCC1910,galaxy,190.53554167,11.75422222,0.8411226995510341,1995.0,1454.388888888889,540.6111111111111,223.8834094919756,2.4146992952172615,True,-0.0533877448626245,0.0587615569864766,RDB
VCC1949,galaxy,190.741125,12.28755556,0.88072459002993,1283.0,1454.388888888889,-171.3888888888889,223.8834094919756,-0.7655274201772946,True,-0.0289844002384731,0.0156920213532402,RDB
M87,major,187.70591,12.39112,0.0,1307.0,1454.388888888889,-147.3888888888889,223.8834094919756,-0.6583287668493882,,,,
M86,major,186.54958,12.94694,0.3720638904319113,-244.0,1454.388888888889,-1698.388888888889,223.8834094919756,-7.586041738165338,,,,
M60,major,190.9162,11.5522,0.9622472974797374,1117.0,1454.388888888889,-337.3888888888889,223.8834094919756,-1.5069847723619805,,,,
M49,major,187.4441,8.0035,1.274673012806049,997.0,1454.388888888889,-457.3888888888889,223.8834094919756,-2.0429780390015124,,,,
